date,s_gov,s_blog,s_mass
2025-12-01,0.0,0.0,0.034822
2025-12-02,-0.259996,0.115754,0.02952
2025-12-03,0.057615,-0.182616,0.048294
2025-12-04,0.263949,-0.40677,-0.065393
2025-12-05,-0.355785,0.194635,-0.262475
2025-12-06,-0.503437,0.156679,0.296198
2025-12-07,-0.219758,0.206715,0.076041
2025-12-08,-0.18894,-0.44069,-0.082775
2025-12-09,-0.09867,0.101956,-0.464593
2025-12-10,-0.262596,0.177108,-0.182931
2025-12-11,0.088551,-0.262286,-0.166873
2025-12-12,0.238724,-0.246372,-0.299352
2025-12-13,0.13587,-0.019434,-0.234998
2025-12-14,0.349745,0.007967,0.003508
2025-12-15,0.29175,-0.084465,0.019403
2025-12-16,-0.068948,-0.064832,-0.145906
2025-12-17,0.057714,-0.101526,0.116284
2025-12-18,-0.210864,0.005158,0.06598
2025-12-19,0.114181,0.443511,-0.084074
2025-12-20,0.044609,-0.592593,0.085658
2025-12-21,-0.023911,-0.308092,-0.303572
2025-12-22,-0.182188,-0.070283,-0.13754
2025-12-23,0.214541,0.060685,-0.244251
2025-12-24,0.068638,-0.0873,-0.036827
2025-12-25,-0.072763,-0.561937,-0.103388
2025-12-26,-0.124415,-0.126376,-0.3572
2025-12-27,0.07087,0.467655,-0.066928
2025-12-28,0.126796,-0.273097,-0.032325
2025-12-29,0.166581,0.14991,-0.043655
2025-12-30,0.190996,-0.038594,0.184931
2025-12-31,0.63091,-0.033835,-0.06597
2026-01-01,0.213851,-0.329403,0.020034
2026-01-02,-0.021135,-0.232098,-0.439673
2026-01-03,-0.214011,0.297174,-0.135478
2026-01-04,0.046989,0.293666,0.101938
2026-01-05,0.305738,0.63716,-0.05179
2026-01-06,0.124382,0.608088,0.268947
2026-01-07,-0.147848,0.374961,0.475062
2026-01-08,-0.280044,0.673165,0.053973
2026-01-09,0.022626,0.400964,0.183524
2026-01-10,0.197127,0.408782,0.121726
2026-01-11,0.234352,0.074542,0.257275
2026-01-12,-0.049202,0.04978,-0.157485
2026-01-13,0.03344,-0.189315,0.051567
2026-01-14,0.045891,0.221149,0.141952
2026-01-15,0.077618,-0.265031,-0.160994
2026-01-16,0.256666,0.128693,-0.314633
2026-01-17,0.184232,-0.005718,-0.031448
2026-01-18,0.261844,0.349087,-0.095639
2026-01-19,0.147817,0.364895,0.268768
2026-01-20,0.146188,0.692152,0.18926
2026-01-21,0.230916,0.496093,0.113934
2026-01-22,-0.248831,-0.273175,0.272045
2026-01-23,-0.204333,-0.129356,-0.205686
2026-01-24,-0.21976,-0.403345,0.102453
2026-01-25,-0.269599,-0.316822,-0.369023
2026-01-26,-0.203585,0.32664,-0.320047
2026-01-27,0.271943,0.321916,0.106984
2026-01-28,-0.080486,-0.080913,0.119014
2026-01-29,0.201826,-0.33648,-0.083535
2026-01-30,-0.319804,-0.124757,-0.335702
2026-01-31,-0.243623,-0.414871,-0.061698
2026-02-01,-0.081123,-0.36729,-0.310352
2026-02-02,0.105994,-0.053313,-0.266999
2026-02-03,0.230804,0.325268,-0.305745
2026-02-04,0.313739,0.312736,0.129649
2026-02-05,0.069688,-0.562293,0.020438
2026-02-06,-0.080744,-0.133607,-0.399247
2026-02-07,0.174122,-0.031833,0.05397
2026-02-08,0.039235,0.111434,-0.017905
2026-02-09,-0.299304,0.529437,-0.093718
2026-02-10,-0.432974,-0.407197,0.405918
2026-02-11,-0.44635,-0.34021,-0.276308
2026-02-12,-0.098885,0.041188,-0.274068
2026-02-13,-0.013836,-0.458003,-0.107439
2026-02-14,0.165703,0.259583,-0.442049
2026-02-15,-0.023961,0.21434,0.098628
2026-02-16,0.027654,0.339711,-0.02102
2026-02-17,0.170225,-0.035399,0.094899
2026-02-18,0.007776,0.22997,0.091597
2026-02-19,0.118082,0.412529,-0.06447
2026-02-20,-0.106441,0.234875,-0.111339
2026-02-21,-0.143984,0.16427,0.25095
2026-02-22,-0.167426,0.146811,0.359361
2026-02-23,-0.382673,-0.200279,-0.059177
2026-02-24,-0.069593,-0.12437,-0.408542
2026-02-25,-0.152147,-0.095505,-0.185081
2026-02-26,-0.07295,0.076816,-0.222992
2026-02-27,0.083712,0.330674,-0.055622
2026-02-28,0.153489,-0.185291,-0.07284
2026-03-01,0.243091,-0.111619,-0.082071
2026-03-02,0.096924,0.399789,-0.01636
2026-03-03,-0.057363,-0.063161,-0.011051
2026-03-04,-0.048611,-0.271939,0.066254
2026-03-05,-0.446139,-0.048084,0.09818
2026-03-06,-0.584848,0.234082,-0.065343
2026-03-07,-0.623099,0.097061,0.002705
2026-03-08,-0.560861,0.437512,-0.134898
2026-03-09,-0.180487,0.432043,0.074499
2026-03-10,-0.316613,0.425363,-0.219036
2026-03-11,-0.252847,0.33638,0.020925
2026-03-12,0.198383,0.832848,0.009394
2026-03-13,0.010126,0.271591,0.467367
2026-03-14,0.189442,-0.49242,-0.011897
2026-03-15,-0.138684,0.284308,-0.021847
2026-03-16,-0.120701,-0.023587,-0.051979
2026-03-17,-0.297856,0.02293,0.057218
2026-03-18,-0.233686,0.402037,-0.036025
2026-03-19,0.093234,-0.319863,-0.003544
2026-03-20,-0.385213,-0.503439,-0.247115
2026-03-21,-0.084001,-0.681759,-0.189467
2026-03-22,0.017434,-0.510945,-0.372338
2026-03-23,-0.139821,-0.072487,-0.579264
2026-03-24,-0.431425,0.128262,-0.105727
2026-03-25,-0.19768,0.134187,-0.096215
2026-03-26,-0.231213,-0.370155,-0.065652
2026-03-27,-0.057438,-0.841093,-0.334216
2026-03-28,-0.023256,-0.320131,-0.68259
2026-03-29,0.388817,-0.269585,-0.445741
2026-03-30,0.13457,0.029982,-0.127825
2026-03-31,-0.18859,0.222579,-0.105048
2026-04-01,-0.049476,0.130504,-0.160405
2026-04-02,0.030261,0.280241,0.13655
2026-04-03,0.354928,0.18086,0.061646
2026-04-04,0.386242,0.231363,-0.066647
2026-04-05,0.282339,-0.118857,-0.096341
2026-04-06,0.506995,-0.101426,0.085543
2026-04-07,-0.043693,0.018462,0.042841
2026-04-08,-0.181785,0.253544,0.314805
2026-04-09,-0.322536,-0.016705,0.241266
2026-04-10,-0.258721,0.149668,-0.021916
2026-04-11,-0.473532,-0.019884,-0.048127
2026-04-12,-0.077978,-0.043216,-0.041569
2026-04-13,-0.094545,0.231569,-0.059117
2026-04-14,-0.414974,-0.50529,0.08603
2026-04-15,-0.461382,-0.591058,-0.359434
2026-04-16,-0.152312,-0.681079,-0.391861
2026-04-17,0.133375,-0.972516,-0.517721
2026-04-18,0.56587,-0.592486,-0.508082
2026-04-19,1.0,-0.012164,-0.174892
2026-04-20,0.609303,-0.090331,-0.077191
2026-04-21,0.057267,0.023205,-0.000154
2026-04-22,-0.504378,0.336047,0.248131
2026-04-23,-0.185261,0.532725,0.224056
2026-04-24,-0.295866,0.192348,0.318289
2026-04-25,-0.251772,0.483015,-0.359751
2026-04-26,-0.27891,0.220844,0.021837
2026-04-27,-0.174653,-0.162882,-0.118477
2026-04-28,0.179169,-0.243473,-0.464683
2026-04-29,0.128846,-0.54155,-0.344927
2026-04-30,0.024765,-0.48306,-0.447179
2026-05-01,-0.246531,-0.300629,-0.246717
2026-05-02,-0.541936,0.120824,-0.019516
2026-05-03,-0.392545,0.56456,-0.018845
2026-05-04,-0.209718,-0.18883,0.018722
2026-05-05,0.337123,0.042316,-0.277292
2026-05-06,0.20113,-0.295237,-0.003193
2026-05-07,0.34625,0.024314,-0.352401
2026-05-08,0.048301,-0.0296,-0.064047
2026-05-09,-0.272085,-0.561112,0.053988
2026-05-10,-0.377322,0.054044,-0.242522
2026-05-11,-0.369967,-0.159882,0.064093
2026-05-12,0.347134,-0.224123,-0.191606
2026-05-13,-0.03178,-0.410575,-0.160986
2026-05-14,0.193732,-0.360515,-0.45146
2026-05-15,-0.128866,-0.015839,-0.126898
2026-05-16,0.16846,-0.063109,-0.090355
2026-05-17,0.180468,0.073355,-0.175873
2026-05-18,0.051075,0.137919,-0.236824
2026-05-19,0.015347,0.451366,0.136468
2026-05-20,-0.156024,0.077711,0.156117
2026-05-21,0.033506,-0.411973,-0.124935
2026-05-22,-0.096993,0.155377,-0.243093
2026-05-23,-0.354898,-0.037295,0.116276
2026-05-24,-0.496933,0.31946,-0.332095
2026-05-25,-0.20532,0.242797,-0.110088
2026-05-26,0.292113,0.057778,-0.140212
2026-05-27,0.186054,0.127744,0.027108
2026-05-28,0.063368,0.636401,-0.009935
2026-05-29,0.10314,0.877655,0.401487
2026-05-30,0.378071,0.371876,0.254639
2026-05-31,0.243881,0.196808,-0.001158
2026-06-01,0.019209,0.401595,0.118086
2026-06-02,0.286177,-0.09306,0.232228
2026-06-03,0.250277,0.062697,0.034942
2026-06-04,0.509078,0.01732,-0.039505
2026-06-05,0.300347,0.1011,0.062715
2026-06-06,-0.155944,-0.20957,0.077039
2026-06-07,-0.420012,-0.560698,0.076295
2026-06-08,0.202726,-0.846174,-0.130386
2026-06-09,0.53228,-0.673685,-0.664149
2026-06-10,0.22126,-0.407077,-0.727833
2026-06-11,0.014833,-0.250788,-0.062293
2026-06-12,0.372778,0.480854,0.112742
2026-06-13,-0.090373,0.52414,0.099225
2026-06-14,-0.268868,-0.078971,-0.033609
2026-06-15,0.026398,0.072724,0.019541
2026-06-16,-0.085452,-0.093034,0.071833
2026-06-17,-0.044007,-0.122523,0.056629
2026-06-18,-0.062864,0.006589,-0.03658
2026-06-19,0.052962,0.188387,-0.113004
2026-06-20,0.378351,-0.026423,-0.083403
2026-06-21,0.211822,0.308586,-0.076232
2026-06-22,0.266896,-0.219147,0.066192
2026-06-23,-0.379095,-0.085757,-0.175836
2026-06-24,-0.201727,0.744999,0.210215
2026-06-25,-0.311671,0.364924,0.566194
2026-06-26,-0.460539,0.575934,0.155768
2026-06-27,-0.449808,0.25783,0.048236
2026-06-28,-0.308435,0.277365,0.090708
2026-06-29,0.074758,0.093911,0.036435
2026-06-30,-0.294219,-0.013558,-0.067086
2026-07-01,-0.139452,-0.239268,0.01675
2026-07-02,-0.190768,0.033383,-0.062736
2026-07-03,-0.177302,-0.242108,-0.019731
2026-07-04,0.162038,0.102832,-0.117383
2026-07-05,0.215548,0.366719,-0.010522
2026-07-06,0.442124,0.256647,-0.143335
2026-07-07,0.182435,0.016784,0.116035
2026-07-08,-0.082768,0.142903,-0.055303
2026-07-09,-0.097349,-0.035441,-0.028744
2026-07-10,0.01195,0.266488,0.181479
2026-07-11,0.050118,-0.442827,0.256707
2026-07-12,-0.246038,-0.277813,-0.110503
2026-07-13,-0.100396,-0.708369,-0.141403
2026-07-14,0.006859,-0.731866,-0.194161
2026-07-15,0.632798,0.116412,-0.439403
2026-07-16,0.78561,0.31512,0.001622
2026-07-17,0.179494,-0.089796,-0.037698
2026-07-18,0.017901,-0.486669,0.11543
2026-07-19,-0.35691,-1.0,-0.065352
2026-07-20,-0.326132,-0.596659,-0.611445
2026-07-21,-0.084165,0.487461,-0.320165
2026-07-22,0.259381,0.32545,0.070562
2026-07-23,-0.05258,-0.037692,0.230627
2026-07-24,-0.189827,0.124447,0.019303
2026-07-25,-0.631736,-0.418509,0.07222
2026-07-26,-0.356534,-0.2566,-0.221619
2026-07-27,-0.443871,-0.072797,-0.207621
2026-07-28,-0.354295,-0.054949,-0.265042
2026-07-29,-0.396363,0.215262,-0.293752
2026-07-30,-0.221747,0.189498,-0.082226
2026-07-31,-0.550306,0.276297,-0.142831
2026-08-01,-0.641914,-0.095993,-0.174795
2026-08-02,0.211355,0.230947,-0.087287
2026-08-03,-0.216178,0.58106,-0.036698
2026-08-04,-0.382286,-0.058621,-0.163406
2026-08-05,0.268086,-0.289757,-0.038263
2026-08-06,0.86031,0.284832,-0.114951
2026-08-07,0.137263,0.05653,0.10971
2026-08-08,-0.023431,0.443758,0.16556
2026-08-09,0.073674,0.044743,0.369438
2026-08-10,0.469011,0.454411,-0.096955
2026-08-11,-0.012209,0.22121,0.018583
2026-08-12,-0.067424,0.165953,0.109315
2026-08-13,0.160622,0.535796,0.187445
2026-08-14,0.189003,0.105787,0.342536
2026-08-15,0.000462,-0.240022,0.112746
2026-08-16,-0.033225,-0.230578,-0.133722
2026-08-17,-0.360336,0.043469,-0.255814
2026-08-18,-0.239712,-0.45234,-0.068616
2026-08-19,-0.186453,0.010305,-0.235791
2026-08-20,-0.035184,-0.157509,-0.159697
2026-08-21,-0.156424,0.28134,-0.250154
2026-08-22,0.039673,-0.605742,0.060336
2026-08-23,0.273015,-0.478267,-0.391855
2026-08-24,0.175365,-0.697247,-0.379694
2026-08-25,0.175622,-0.526768,-0.316469
2026-08-26,0.1011,-0.136407,-0.267031
2026-08-27,0.050571,-0.108331,-0.03825
2026-08-28,-0.155104,-0.119346,-0.022059
2026-08-29,0.001572,-0.095494,-0.215162
2026-08-30,-0.023536,0.022819,-0.138078
2026-08-31,0.511524,-0.293433,0.094026
